-- ============================================================
-- RMG SaaS — COMPREHENSIVE TEST DATA
-- Run this in Supabase SQL Editor after migrations complete.
-- Covers all 15 tables with interconnected realistic data.
-- Safe to re-run (deletes test data first, then re-inserts).
-- ============================================================

-- Clear existing data (order matters: child before parent)
delete from public.sale_price_history;
delete from public.sale_items;
delete from public.credit_ledger;
delete from public.sales_invoices;
delete from public.stock_movements;
delete from public.stock_transfer_items;
delete from public.stock_transfers;
delete from public.damage_records;
delete from public.purchase_items;
delete from public.purchase_orders;
delete from public.items;
delete from public.customers;
delete from public.suppliers;
delete from public.categories;
delete from public.stores;

alter sequence public.invoice_number_seq restart;

-- ============================================================
-- 1. STORES
-- ============================================================
insert into public.stores (id, name, code, location, is_active) values
  ('10000000-0000-0000-0000-000000000001', 'Dhaka Factory', 'DHC', 'Dhaka, Bangladesh', true),
  ('10000000-0000-0000-0000-000000000002', 'Chittagong Warehouse', 'CGC', 'Chittagong, Bangladesh', true);

-- ============================================================
-- 2. CATEGORIES
-- ============================================================
insert into public.categories (id, name, description) values
  ('20000000-0000-0000-0000-000000000001', 'Fabrics', 'Cotton, polyester, blended textiles'),
  ('20000000-0000-0000-0000-000000000002', 'Trims & Accessories', 'Zippers, buttons, labels, elastics'),
  ('20000000-0000-0000-0000-000000000003', 'Packaging', 'Poly bags, cartons, hang tags'),
  ('20000000-0000-0000-0000-000000000004', 'Finished Garments', 'Ready-to-ship apparel products'),
  ('20000000-0000-0000-0000-000000000005', 'Washing & Dyeing', 'Chemicals and dyes');

-- ============================================================
-- 3. SUPPLIERS
-- ============================================================
insert into public.suppliers (id, name, contact_person, phone, email, address, vat_no, payment_terms, is_active) values
  ('30000000-0000-0000-0000-000000000001', 'Bangladesh Textile Mills Ltd.', 'Rafiqul Islam', '+880-1711-111111', 'rafiq@btm.com.bd', '56 Karwan Bazar, Dhaka 1215', 'BTM-45678-VAT', 'net60', true),
  ('30000000-0000-0000-0000-000000000002', 'Global Trim Suppliers', 'Sakib Hasan', '+880-1812-222222', 'sakib@globaltrim.com', '12 Nayapaltan, Dhaka 1000', 'GTS-23456-VAT', 'net30', true),
  ('30000000-0000-0000-0000-000000000003', 'EcoPack Bangladesh', 'Fatima Begum', '+880-1913-333333', 'fatima@ecopack.com.bd', '78 Tejgaon I/A, Dhaka 1208', 'EPB-34567-VAT', 'net45', true),
  ('30000000-0000-0000-0000-000000000004', 'DyeChem Ltd.', 'Mohammad Ali', '+880-1724-444444', 'ali@dyechem.com', '22 Rayer Bazar, Dhaka 1209', 'DCL-56789-VAT', 'net30', true);

-- ============================================================
-- 4. CUSTOMERS (Dubai & regional buyers)
-- ============================================================
insert into public.customers (id, name, name_ar, mobile, phone, email, address, transport, vat_no, ledger_book_no, opening_bl, credit_limit, is_active) values
  ('40000000-0000-0000-0000-000000000001', 'Al-Futtaim Retail LLC', 'الفطيم للتجزئة', '+971-50-111-1111', '+971-4-222-2222', 'procurement@alfuttaim.ae', 'Dubai Festival City, Dubai, UAE', 'own', 'AE-1234567-001', 'LB-001', 0, 5000000, true),
  ('40000000-0000-0000-0000-000000000002', 'Al Shaya Trading Co.', 'شركة الشايا التجارية', '+971-55-333-3333', '+971-4-444-4444', 'orders@alshaya.ae', 'Al Quoz 3, Dubai, UAE', 'courier', 'AE-2345678-002', 'LB-002', 250000, 3500000, true),
  ('40000000-0000-0000-0000-000000000003', 'Lulu Hypermarket LLC', 'لولو هايبرماركت', '+971-50-555-5555', '+971-2-666-6666', 'garments@lulugroup.ae', 'Zayed The Second St, Abu Dhabi, UAE', 'own', 'AE-3456789-003', 'LB-003', 0, 8000000, true),
  ('40000000-0000-0000-0000-000000000004', 'BinDawood Holding', 'بن داوود القابضة', '+966-50-777-7777', '+966-12-888-8888', 'apparel@bindawood.sa', 'King Fahd Rd, Jeddah 23456, KSA', 'courier', 'SA-4567890-004', 'LB-004', 100000, 4500000, true),
  ('40000000-0000-0000-0000-000000000005', 'Sharaf Group Apparel', 'مجموعة شرف للملابس', '+971-56-999-9999', '+971-4-101-0101', 'info@sharafapparel.ae', 'Al Maktoum Rd, Deira, Dubai, UAE', 'own', 'AE-5678901-005', 'LB-005', 0, 2500000, true);

-- ============================================================
-- 5. ITEMS
-- ============================================================
insert into public.items (id, name, sku, barcode, category_id, store_id, unit, quantity, reorder_level, cost_price, sale_price, supplier_id, location, color, size, is_active) values
  -- Fabrics
  ('50000000-0000-0000-0000-000000000001', 'Cotton Single Jersey 180gsm', 'FAB-CSJ-180', '8801234567890', '20000000-0000-0000-0000-000000000001', '10000000-0000-0000-0000-000000000001', 'kg', 2500, 800, 2.85, 0, '30000000-0000-0000-0000-000000000001', 'Aisle 1, Rack 3', 'White', null, true),
  ('50000000-0000-0000-0000-000000000002', 'Cotton Polyester Blend 220gsm', 'FAB-CPB-220', '8801234567891', '20000000-0000-0000-0000-000000000001', '10000000-0000-0000-0000-000000000001', 'kg', 1800, 600, 3.20, 0, '30000000-0000-0000-0000-000000000001', 'Aisle 1, Rack 4', 'Navy', null, true),
  ('50000000-0000-0000-0000-000000000003', 'Polyester Mesh 150gsm', 'FAB-PM-150', '8801234567892', '20000000-0000-0000-0000-000000000001', '10000000-0000-0000-0000-000000000001', 'kg', 600, 400, 1.95, 0, '30000000-0000-0000-0000-000000000001', 'Aisle 1, Rack 2', 'Black', null, true),
  -- Trims & Accessories
  ('50000000-0000-0000-0000-000000000004', 'YKK Nylon Zipper #5 (18cm)', 'TRM-YKK-5-18', '8801234567893', '20000000-0000-0000-0000-000000000002', '10000000-0000-0000-0000-000000000001', 'pcs', 8500, 5000, 0.18, 0, '30000000-0000-0000-0000-000000000002', 'Aisle 2, Rack 1', 'Black', null, true),
  ('50000000-0000-0000-0000-000000000005', 'Button Plastic 18L', 'TRM-BTN-18L', '8801234567894', '20000000-0000-0000-0000-000000000002', '10000000-0000-0000-0000-000000000001', 'pcs', 22000, 10000, 0.03, 0, '30000000-0000-0000-0000-000000000002', 'Aisle 2, Rack 2', 'White', '18L', true),
  ('50000000-0000-0000-0000-000000000006', 'Woven Brand Label', 'TRM-LBL-WOV', '8801234567895', '20000000-0000-0000-0000-000000000002', '10000000-0000-0000-0000-000000000001', 'pcs', 15000, 8000, 0.05, 0, '30000000-0000-0000-0000-000000000002', 'Aisle 2, Rack 5', null, null, true),
  -- Packaging
  ('50000000-0000-0000-0000-000000000007', 'Poly Bag 12x18 inch', 'PKG-PB-12x18', '8801234567896', '20000000-0000-0000-0000-000000000003', '10000000-0000-0000-0000-000000000001', 'pcs', 50000, 20000, 0.02, 0, '30000000-0000-0000-0000-000000000003', 'Aisle 3, Rack 1', null, null, true),
  ('50000000-0000-0000-0000-000000000008', 'Carton Box 24x18x12', 'PKG-CRT-2418', '8801234567897', '20000000-0000-0000-0000-000000000003', '10000000-0000-0000-0000-000000000001', 'pcs', 3000, 1500, 0.85, 0, '30000000-0000-0000-0000-000000000003', 'Aisle 3, Rack 3', null, null, true),
  -- Finished Garments
  ('50000000-0000-0000-0000-000000000009', 'Mens Polo Shirt (Navy, M)', 'FG-POLO-NV-M', '8801234567898', '20000000-0000-0000-0000-000000000004', '10000000-0000-0000-0000-000000000001', 'pcs', 450, 200, 4.80, 12.50, null, 'Rack A1', 'Navy', 'M', true),
  ('50000000-0000-0000-0000-000000000010', 'Mens Polo Shirt (Navy, L)', 'FG-POLO-NV-L', '8801234567899', '20000000-0000-0000-0000-000000000004', '10000000-0000-0000-0000-000000000001', 'pcs', 380, 200, 4.80, 12.50, null, 'Rack A2', 'Navy', 'L', true),
  ('50000000-0000-0000-0000-000000000011', 'Womens T-Shirt (White, M)', 'FG-TEE-WH-M', '8801234567900', '20000000-0000-0000-0000-000000000004', '10000000-0000-0000-0000-000000000001', 'pcs', 620, 250, 3.50, 9.00, null, 'Rack B1', 'White', 'M', true),
  ('50000000-0000-0000-0000-000000000012', 'Womens T-Shirt (White, L)', 'FG-TEE-WH-L', '8801234567901', '20000000-0000-0000-0000-000000000004', '10000000-0000-0000-0000-000000000001', 'pcs', 540, 250, 3.50, 9.00, null, 'Rack B2', 'White', 'L', true),
  ('50000000-0000-0000-0000-000000000013', 'Kids Hoodie (Red, 8Y)', 'FG-HOOD-RD-8', '8801234567902', '20000000-0000-0000-0000-000000000004', '10000000-0000-0000-0000-000000000001', 'pcs', 180, 100, 6.20, 15.00, null, 'Rack C1', 'Red', '8Y', true),
  ('50000000-0000-0000-0000-000000000014', 'Mens Formal Trouser (Grey, 32)', 'FG-TROU-GY-32', '8801234567903', '20000000-0000-0000-0000-000000000004', '10000000-0000-0000-0000-000000000001', 'pcs', 260, 120, 7.50, 18.00, null, 'Rack D1', 'Grey', '32', true),
  ('50000000-0000-0000-0000-000000000015', 'Womens Hijab Scarf (Beige)', 'FG-HIJB-BE', '8801234567904', '20000000-0000-0000-0000-000000000004', '10000000-0000-0000-0000-000000000001', 'pcs', 890, 300, 1.80, 5.50, null, 'Rack E1', 'Beige', 'One Size', true),
  ('50000000-0000-0000-0000-000000000016', 'Kids T-Shirt (Blue, 6Y)', 'FG-KT-BL-6', '8801234567905', '20000000-0000-0000-0000-000000000004', '10000000-0000-0000-0000-000000000001', 'pcs', 30, 150, 2.90, 7.50, null, 'Rack C2', 'Blue', '6Y', true);

-- ============================================================
-- 6. SALES INVOICES
-- ============================================================
insert into public.sales_invoices (id, invoice_number, customer_id, store_id, invoice_date, subtotal, discount_pct, discount_amount, vat_pct, vat_amount, total, payment_method, payment_status, amount_paid, balance_due) values
  ('60000001-0000-0000-0000-000000000001', 'INV-2026-001', '40000000-0000-0000-0000-000000000001', '10000000-0000-0000-0000-000000000001', '2026-01-15', 162500, 2.5, 4062.5, 5, 7921.88, 166359.38, 'credit', 'paid', 166359.38, 0),
  ('60000001-0000-0000-0000-000000000002', 'INV-2026-002', '40000000-0000-0000-0000-000000000002', '10000000-0000-0000-0000-000000000001', '2026-02-20', 255000, 3.0, 7650, 5, 12367.50, 259717.50, 'credit', 'partial', 200000, 59717.50),
  ('60000001-0000-0000-0000-000000000003', 'INV-2026-003', '40000000-0000-0000-0000-000000000003', '10000000-0000-0000-0000-000000000001', '2026-03-10', 375000, 4.0, 15000, 5, 18000, 378000.00, 'credit', 'paid', 378000.00, 0),
  ('60000001-0000-0000-0000-000000000004', 'INV-2026-004', '40000000-0000-0000-0000-000000000004', '10000000-0000-0000-0000-000000000001', '2026-04-05', 118000, 2.0, 2360, 5, 5782, 121422.00, 'credit', 'unpaid', 0, 121422.00),
  ('60000001-0000-0000-0000-000000000005', 'INV-2026-005', '40000000-0000-0000-0000-000000000005', '10000000-0000-0000-0000-000000000001', '2026-05-12', 82500, 0, 0, 5, 4125, 86625.00, 'credit', 'unpaid', 0, 86625.00),
  ('60000001-0000-0000-0000-000000000006', 'INV-2026-006', '40000000-0000-0000-0000-000000000001', '10000000-0000-0000-0000-000000000001', '2026-06-18', 190000, 3.5, 6650, 5, 9167.50, 192517.50, 'credit', 'paid', 192517.50, 0);

-- Sale Items for each invoice
insert into public.sale_items (id, invoice_id, item_id, barcode, description, quantity, price) values
  ('70000001-0000-0000-0000-000000000001', '60000001-0000-0000-0000-000000000001', '50000000-0000-0000-0000-000000000009', '8801234567898', 'Mens Polo Shirt (Navy, M)', 5000, 12.50),
  ('70000001-0000-0000-0000-000000000002', '60000001-0000-0000-0000-000000000001', '50000000-0000-0000-0000-000000000010', '8801234567899', 'Mens Polo Shirt (Navy, L)', 5000, 12.50),
  ('70000001-0000-0000-0000-000000000003', '60000001-0000-0000-0000-000000000001', '50000000-0000-0000-0000-000000000015', '8801234567904', 'Womens Hijab Scarf (Beige)', 5000, 5.50),
  ('70000001-0000-0000-0000-000000000004', '60000001-0000-0000-0000-000000000002', '50000000-0000-0000-0000-000000000011', '8801234567900', 'Womens T-Shirt (White, M)', 10000, 9.00),
  ('70000001-0000-0000-0000-000000000005', '60000001-0000-0000-0000-000000000002', '50000000-0000-0000-0000-000000000012', '8801234567901', 'Womens T-Shirt (White, L)', 10000, 9.00),
  ('70000001-0000-0000-0000-000000000006', '60000001-0000-0000-0000-000000000002', '50000000-0000-0000-0000-000000000014', '8801234567903', 'Mens Formal Trouser (Grey, 32)', 3000, 18.00),
  ('70000001-0000-0000-0000-000000000007', '60000001-0000-0000-0000-000000000003', '50000000-0000-0000-0000-000000000009', '8801234567898', 'Mens Polo Shirt (Navy, M)', 12000, 12.50),
  ('70000001-0000-0000-0000-000000000008', '60000001-0000-0000-0000-000000000003', '50000000-0000-0000-0000-000000000010', '8801234567899', 'Mens Polo Shirt (Navy, L)', 12000, 12.50),
  ('70000001-0000-0000-0000-000000000009', '60000001-0000-0000-0000-000000000003', '50000000-0000-0000-0000-000000000013', '8801234567902', 'Kids Hoodie (Red, 8Y)', 3000, 15.00),
  ('70000001-0000-0000-0000-000000000010', '60000001-0000-0000-0000-000000000004', '50000000-0000-0000-0000-000000000011', '8801234567900', 'Womens T-Shirt (White, M)', 6000, 9.00),
  ('70000001-0000-0000-0000-000000000011', '60000001-0000-0000-0000-000000000004', '50000000-0000-0000-0000-000000000015', '8801234567904', 'Womens Hijab Scarf (Beige)', 8000, 5.50),
  ('70000001-0000-0000-0000-000000000012', '60000001-0000-0000-0000-000000000004', '50000000-0000-0000-0000-000000000014', '8801234567903', 'Mens Formal Trouser (Grey, 32)', 2000, 18.00),
  ('70000001-0000-0000-0000-000000000013', '60000001-0000-0000-0000-000000000005', '50000000-0000-0000-0000-000000000013', '8801234567902', 'Kids Hoodie (Red, 8Y)', 2500, 15.00),
  ('70000001-0000-0000-0000-000000000014', '60000001-0000-0000-0000-000000000005', '50000000-0000-0000-0000-000000000015', '8801234567904', 'Womens Hijab Scarf (Beige)', 6000, 5.50),
  ('70000001-0000-0000-0000-000000000015', '60000001-0000-0000-0000-000000000006', '50000000-0000-0000-0000-000000000009', '8801234567898', 'Mens Polo Shirt (Navy, M)', 6000, 12.50),
  ('70000001-0000-0000-0000-000000000016', '60000001-0000-0000-0000-000000000006', '50000000-0000-0000-0000-000000000010', '8801234567899', 'Mens Polo Shirt (Navy, L)', 6000, 12.50),
  ('70000001-0000-0000-0000-000000000017', '60000001-0000-0000-0000-000000000006', '50000000-0000-0000-0000-000000000011', '8801234567900', 'Womens T-Shirt (White, M)', 4000, 9.00),
  ('70000001-0000-0000-0000-000000000018', '60000001-0000-0000-0000-000000000006', '50000000-0000-0000-0000-000000000015', '8801234567904', 'Womens Hijab Scarf (Beige)', 3000, 5.50);

-- Credit Ledger
insert into public.credit_ledger (id, customer_id, type, amount, reference, invoice_id, notes) values
  ('80000001-0000-0000-0000-000000000001', '40000000-0000-0000-0000-000000000001', 'sale', 166359.38, 'INV-2026-001', '60000001-0000-0000-0000-000000000001', 'Credit sale - Al-Futtaim Jan order');
insert into public.credit_ledger (id, customer_id, type, amount, reference, invoice_id, notes) values
  ('80000001-0000-0000-0000-000000000002', '40000000-0000-0000-0000-000000000001', 'payment', -166359.38, 'Payment WIRE-2026-001', '60000001-0000-0000-0000-000000000001', 'Wire transfer received');
insert into public.credit_ledger (id, customer_id, type, amount, reference, invoice_id, notes) values
  ('80000001-0000-0000-0000-000000000003', '40000000-0000-0000-0000-000000000002', 'sale', 259717.50, 'INV-2026-002', '60000001-0000-0000-0000-000000000002', 'Credit sale - Al Shaya Feb order');
insert into public.credit_ledger (id, customer_id, type, amount, reference, invoice_id, notes) values
  ('80000001-0000-0000-0000-000000000004', '40000000-0000-0000-0000-000000000002', 'payment', -200000, 'Payment WIRE-2026-002', '60000001-0000-0000-0000-000000000002', 'Wire transfer partial');
insert into public.credit_ledger (id, customer_id, type, amount, reference, invoice_id, notes) values
  ('80000001-0000-0000-0000-000000000005', '40000000-0000-0000-0000-000000000003', 'sale', 378000, 'INV-2026-003', '60000001-0000-0000-0000-000000000003', 'Credit sale - Lulu Mar order');
insert into public.credit_ledger (id, customer_id, type, amount, reference, invoice_id, notes) values
  ('80000001-0000-0000-0000-000000000006', '40000000-0000-0000-0000-000000000003', 'payment', -378000, 'Payment TT-2026-003', '60000001-0000-0000-0000-000000000003', 'Telegraphic transfer received');
insert into public.credit_ledger (id, customer_id, type, amount, reference, invoice_id, notes) values
  ('80000001-0000-0000-0000-000000000007', '40000000-0000-0000-0000-000000000004', 'sale', 121422, 'INV-2026-004', '60000001-0000-0000-0000-000000000004', 'Credit sale - BinDawood Apr order');
insert into public.credit_ledger (id, customer_id, type, amount, reference, invoice_id, notes) values
  ('80000001-0000-0000-0000-000000000008', '40000000-0000-0000-0000-000000000005', 'sale', 86625, 'INV-2026-005', '60000001-0000-0000-0000-000000000005', 'Credit sale - Sharaf Group May order');
insert into public.credit_ledger (id, customer_id, type, amount, reference, invoice_id, notes) values
  ('80000001-0000-0000-0000-000000000009', '40000000-0000-0000-0000-000000000001', 'sale', 192517.50, 'INV-2026-006', '60000001-0000-0000-0000-000000000006', 'Credit sale - Al-Futtaim Jun reorder');
insert into public.credit_ledger (id, customer_id, type, amount, reference, invoice_id, notes) values
  ('80000001-0000-0000-0000-000000000010', '40000000-0000-0000-0000-000000000001', 'payment', -192517.50, 'Payment LC-2026-006', '60000001-0000-0000-0000-000000000006', 'LC payment received');

-- ============================================================
-- 7. SALE PRICE HISTORY
-- ============================================================
insert into public.sale_price_history (customer_id, item_id, last_price, last_sale_date) values
  ('40000000-0000-0000-0000-000000000001', '50000000-0000-0000-0000-000000000009', 12.50, '2026-06-18'),
  ('40000000-0000-0000-0000-000000000001', '50000000-0000-0000-0000-000000000010', 12.50, '2026-06-18'),
  ('40000000-0000-0000-0000-000000000001', '50000000-0000-0000-0000-000000000015', 5.50, '2026-06-18'),
  ('40000000-0000-0000-0000-000000000002', '50000000-0000-0000-0000-000000000011', 9.00, '2026-02-20'),
  ('40000000-0000-0000-0000-000000000002', '50000000-0000-0000-0000-000000000012', 9.00, '2026-02-20'),
  ('40000000-0000-0000-0000-000000000003', '50000000-0000-0000-0000-000000000009', 12.50, '2026-03-10'),
  ('40000000-0000-0000-0000-000000000003', '50000000-0000-0000-0000-000000000013', 15.00, '2026-03-10'),
  ('40000000-0000-0000-0000-000000000004', '50000000-0000-0000-0000-000000000011', 9.00, '2026-04-05'),
  ('40000000-0000-0000-0000-000000000004', '50000000-0000-0000-0000-000000000015', 5.50, '2026-04-05'),
  ('40000000-0000-0000-0000-000000000005', '50000000-0000-0000-0000-000000000013', 15.00, '2026-05-12');

-- ============================================================
-- 8. PURCHASE ORDERS
-- ============================================================
insert into public.purchase_orders (id, po_number, supplier_id, store_id, order_date, expected_date, status, subtotal, vat_amount, total, notes) values
  ('90000001-0000-0000-0000-000000000001', 'PO-2026-001', '30000000-0000-0000-0000-000000000001', '10000000-0000-0000-0000-000000000001', '2026-01-10', '2026-02-15', 'received', 42750, 2137.50, 44887.50, 'Fabric restock Q1'),
  ('90000001-0000-0000-0000-000000000002', 'PO-2026-002', '30000000-0000-0000-0000-000000000002', '10000000-0000-0000-0000-000000000001', '2026-02-01', '2026-03-01', 'received', 3600, 180, 3780, 'Trims restock - zippers and buttons'),
  ('90000001-0000-0000-0000-000000000003', 'PO-2026-003', '30000000-0000-0000-0000-000000000003', '10000000-0000-0000-0000-000000000001', '2026-03-05', '2026-04-10', 'received', 4250, 212.50, 4462.50, 'Packaging materials'),
  ('90000001-0000-0000-0000-000000000004', 'PO-2026-004', '30000000-0000-0000-0000-000000000001', '10000000-0000-0000-0000-000000000001', '2026-05-20', '2026-07-01', 'partial', 57600, 2880, 60480, 'Fabric restock Q3'),
  ('90000001-0000-0000-0000-000000000005', 'PO-2026-005', '30000000-0000-0000-0000-000000000002', '10000000-0000-0000-0000-000000000001', '2026-06-01', '2026-07-15', 'pending', 2500, 125, 2625, 'Trim order for Q3 production');

insert into public.purchase_items (id, po_id, item_id, barcode, description, quantity, received_qty, unit_price) values
  ('a0000001-0000-0000-0000-000000000001', '90000001-0000-0000-0000-000000000001', '50000000-0000-0000-0000-000000000001', '8801234567890', 'Cotton Single Jersey 180gsm', 5000, 5000, 2.85),
  ('a0000001-0000-0000-0000-000000000002', '90000001-0000-0000-0000-000000000001', '50000000-0000-0000-0000-000000000002', '8801234567891', 'Cotton Polyester Blend 220gsm', 8000, 8000, 3.20),
  ('a0000001-0000-0000-0000-000000000003', '90000001-0000-0000-0000-000000000002', '50000000-0000-0000-0000-000000000004', '8801234567893', 'YKK Nylon Zipper #5 (18cm)', 10000, 10000, 0.18),
  ('a0000001-0000-0000-0000-000000000004', '90000001-0000-0000-0000-000000000002', '50000000-0000-0000-0000-000000000006', '8801234567895', 'Woven Brand Label', 20000, 20000, 0.05),
  ('a0000001-0000-0000-0000-000000000005', '90000001-0000-0000-0000-000000000003', '50000000-0000-0000-0000-000000000007', '8801234567896', 'Poly Bag 12x18 inch', 50000, 50000, 0.02),
  ('a0000001-0000-0000-0000-000000000006', '90000001-0000-0000-0000-000000000003', '50000000-0000-0000-0000-000000000008', '8801234567897', 'Carton Box 24x18x12', 3000, 3000, 0.85),
  ('a0000001-0000-0000-0000-000000000007', '90000001-0000-0000-0000-000000000004', '50000000-0000-0000-0000-000000000001', '8801234567890', 'Cotton Single Jersey 180gsm', 10000, 5000, 2.80),
  ('a0000001-0000-0000-0000-000000000008', '90000001-0000-0000-0000-000000000004', '50000000-0000-0000-0000-000000000002', '8801234567891', 'Cotton Polyester Blend 220gsm', 8000, 3000, 3.15),
  ('a0000001-0000-0000-0000-000000000009', '90000001-0000-0000-0000-000000000005', '50000000-0000-0000-0000-000000000004', '8801234567893', 'YKK Nylon Zipper #5 (18cm)', 8000, 0, 0.18),
  ('a0000001-0000-0000-0000-000000000010', '90000001-0000-0000-0000-000000000005', '50000000-0000-0000-0000-000000000005', '8801234567894', 'Button Plastic 18L', 10000, 0, 0.03);

-- ============================================================
-- 9. STOCK MOVEMENTS
-- ============================================================
insert into public.stock_movements (id, item_id, store_id, type, quantity, reference_type, reference_id, note) values
  ('b0000001-0000-0000-0000-000000000001', '50000000-0000-0000-0000-000000000001', '10000000-0000-0000-0000-000000000001', 'in', 5000, 'po', 'PO-2026-001', 'Cotton SJ received'),
  ('b0000001-0000-0000-0000-000000000002', '50000000-0000-0000-0000-000000000002', '10000000-0000-0000-0000-000000000001', 'in', 8000, 'po', 'PO-2026-001', 'Cotton Poly received'),
  ('b0000001-0000-0000-0000-000000000003', '50000000-0000-0000-0000-000000000001', '10000000-0000-0000-0000-000000000001', 'in', 5000, 'po', 'PO-2026-004', 'Cotton SJ partial received'),
  ('b0000001-0000-0000-0000-000000000004', '50000000-0000-0000-0000-000000000002', '10000000-0000-0000-0000-000000000001', 'in', 3000, 'po', 'PO-2026-004', 'Cotton Poly partial received'),
  ('b0000001-0000-0000-0000-000000000005', '50000000-0000-0000-0000-000000000004', '10000000-0000-0000-0000-000000000001', 'in', 10000, 'po', 'PO-2026-002', 'Zippers received'),
  ('b0000001-0000-0000-0000-000000000006', '50000000-0000-0000-0000-000000000006', '10000000-0000-0000-0000-000000000001', 'in', 20000, 'po', 'PO-2026-002', 'Labels received'),
  ('b0000001-0000-0000-0000-000000000007', '50000000-0000-0000-0000-000000000007', '10000000-0000-0000-0000-000000000001', 'in', 50000, 'po', 'PO-2026-003', 'Poly bags received'),
  ('b0000001-0000-0000-0000-000000000008', '50000000-0000-0000-0000-000000000008', '10000000-0000-0000-0000-000000000001', 'in', 3000, 'po', 'PO-2026-003', 'Cartons received'),
  ('b0000001-0000-0000-0000-000000000009', '50000000-0000-0000-0000-000000000001', '10000000-0000-0000-0000-000000000001', 'out', 3500, 'production', 'BATCH-2026-001', 'Used in production batch Jan'),
  ('b0000001-0000-0000-0000-000000000010', '50000000-0000-0000-0000-000000000002', '10000000-0000-0000-0000-000000000001', 'out', 4200, 'production', 'BATCH-2026-002', 'Used in production batch Feb'),
  ('b0000001-0000-0000-0000-000000000011', '50000000-0000-0000-0000-000000000004', '10000000-0000-0000-0000-000000000001', 'out', 1500, 'production', 'BATCH-2026-003', 'Zippers consumed'),
  ('b0000001-0000-0000-0000-000000000012', '50000000-0000-0000-0000-000000000005', '10000000-0000-0000-0000-000000000001', 'out', 8000, 'production', 'BATCH-2026-003', 'Buttons consumed'),
  ('b0000001-0000-0000-0000-000000000013', '50000000-0000-0000-0000-000000000003', '10000000-0000-0000-0000-000000000001', 'adjust', 100, null, null, 'Inventory count adjustment'),
  ('b0000001-0000-0000-0000-000000000014', '50000000-0000-0000-0000-000000000005', '10000000-0000-0000-0000-000000000001', 'return', 500, null, null, 'Defective buttons returned to supplier'),
  ('b0000001-0000-0000-0000-000000000015', '50000000-0000-0000-0000-000000000007', '10000000-0000-0000-0000-000000000001', 'transfer_out', 5000, 'transfer', 'TR-2026-001', 'Transferred to Chittagong warehouse'),
  ('b0000001-0000-0000-0000-000000000016', '50000000-0000-0000-0000-000000000008', '10000000-0000-0000-0000-000000000001', 'transfer_out', 500, 'transfer', 'TR-2026-001', 'Transferred to Chittagong warehouse');

-- ============================================================
-- 10. STOCK TRANSFERS
-- ============================================================
insert into public.stock_transfers (id, transfer_number, from_store_id, to_store_id, transfer_date, status, notes) values
  ('c0000001-0000-0000-0000-000000000001', 'TR-2026-001', '10000000-0000-0000-0000-000000000001', '10000000-0000-0000-0000-000000000002', '2026-02-15', 'received', 'Packaging stock transfer');

insert into public.stock_transfer_items (id, transfer_id, item_id, quantity) values
  ('d0000001-0000-0000-0000-000000000001', 'c0000001-0000-0000-0000-000000000001', '50000000-0000-0000-0000-000000000007', 5000),
  ('d0000001-0000-0000-0000-000000000002', 'c0000001-0000-0000-0000-000000000001', '50000000-0000-0000-0000-000000000008', 500);

-- ============================================================
-- 11. DAMAGE RECORDS
-- ============================================================
insert into public.damage_records (id, item_id, store_id, quantity, reason, damage_date) values
  ('e0000001-0000-0000-0000-000000000001', '50000000-0000-0000-0000-000000000005', '10000000-0000-0000-0000-000000000001', 200, 'Water damage in storage', '2026-03-20'),
  ('e0000001-0000-0000-0000-000000000002', '50000000-0000-0000-0000-000000000001', '10000000-0000-0000-0000-000000000001', 50, 'Fabric torn during handling', '2026-04-15');

-- ============================================================
-- DONE
-- ============================================================
